SET FOREIGN_KEY_CHECKS = 0;
DROP TABLE IF EXISTS `thanas`;
DROP TABLE IF EXISTS `districts`;
DROP TABLE IF EXISTS `divisions`;
SET FOREIGN_KEY_CHECKS = 1;

CREATE TABLE `divisions` (
  `id` BIGINT UNSIGNED AUTO_INCREMENT PRIMARY KEY,
  `name` VARCHAR(255) NOT NULL,
  `bn_name` VARCHAR(255) NOT NULL,
  `code` VARCHAR(50) NOT NULL UNIQUE,
  `status` TINYINT NOT NULL DEFAULT 1,
  `deleted_at` TIMESTAMP NULL DEFAULT NULL,
  `created_at` TIMESTAMP NULL DEFAULT CURRENT_TIMESTAMP,
  `updated_at` TIMESTAMP NULL DEFAULT CURRENT_TIMESTAMP ON UPDATE CURRENT_TIMESTAMP
) ENGINE=InnoDB DEFAULT CHARSET=utf8mb4 COLLATE=utf8mb4_unicode_ci;

INSERT INTO `divisions` (`id`, `name`, `bn_name`, `code`, `status`) VALUES
(1, 'Barishal', 'বরিশাল', 'barishal', 1),
(2, 'Chattogram', 'চট্টগ্রাম', 'chattogram', 1),
(3, 'Dhaka', 'ঢাকা', 'dhaka', 1),
(4, 'Khulna', 'খুলনা', 'khulna', 1),
(5, 'Rajshahi', 'রাজশাহী', 'rajshahi', 1),
(6, 'Rangpur', 'রংপুর', 'rangpur', 1),
(7, 'Sylhet', 'সিলেট', 'sylhet', 1),
(8, 'Mymensingh', 'ময়মনসিংহ', 'mymensingh', 1);

CREATE TABLE `districts` (
  `id` BIGINT UNSIGNED AUTO_INCREMENT PRIMARY KEY,
  `division_id` BIGINT UNSIGNED NOT NULL,
  `name` VARCHAR(255) NOT NULL,
  `bn_name` VARCHAR(255) NOT NULL,
  `code` VARCHAR(50) NOT NULL UNIQUE,
  `status` TINYINT NOT NULL DEFAULT 1,
  `deleted_at` TIMESTAMP NULL DEFAULT NULL,
  `created_at` TIMESTAMP NULL DEFAULT CURRENT_TIMESTAMP,
  `updated_at` TIMESTAMP NULL DEFAULT CURRENT_TIMESTAMP ON UPDATE CURRENT_TIMESTAMP,
  CONSTRAINT `fk_districts_division_id` FOREIGN KEY (`division_id`) REFERENCES `divisions` (`id`) ON DELETE CASCADE
) ENGINE=InnoDB DEFAULT CHARSET=utf8mb4 COLLATE=utf8mb4_unicode_ci;

INSERT INTO `districts` (`id`, `division_id`, `name`, `bn_name`, `code`, `status`) VALUES
(1, 3, 'Dhaka', 'ঢাকা', 'dhaka', 1),
(2, 3, 'Faridpur', 'ফরিদপুর', 'faridpur', 1),
(3, 3, 'Gazipur', 'গাজীপুর', 'gazipur', 1),
(4, 3, 'Gopalganj', 'গোপালগঞ্জ', 'gopalganj', 1),
(5, 8, 'Jamalpur', 'জামালপুর', 'jamalpur', 1),
(6, 3, 'Kishoreganj', 'কিশোরগঞ্জ', 'kishoreganj', 1),
(7, 3, 'Madaripur', 'মাদারীপুর', 'madaripur', 1),
(8, 3, 'Manikganj', 'মানিকগঞ্জ', 'manikganj', 1),
(9, 3, 'Munshiganj', 'মুন্সিগঞ্জ', 'munshiganj', 1),
(10, 8, 'Mymensingh', 'ময়মনসিংহ', 'mymensingh', 1),
(11, 3, 'Narayanganj', 'নারায়াণগঞ্জ', 'narayanganj', 1),
(12, 3, 'Narsingdi', 'নরসিংদী', 'narsingdi', 1),
(13, 8, 'Netrokona', 'নেত্রকোণা', 'netrokona', 1),
(14, 3, 'Rajbari', 'রাজবাড়ি', 'rajbari', 1),
(15, 3, 'Shariatpur', 'শরীয়তপুর', 'shariatpur', 1),
(16, 8, 'Sherpur', 'শেরপুর', 'sherpur', 1),
(17, 3, 'Tangail', 'টাঙ্গাইল', 'tangail', 1),
(18, 5, 'Bogura', 'বগুড়া', 'bogura', 1),
(19, 5, 'Joypurhat', 'জয়পুরহাট', 'joypurhat', 1),
(20, 5, 'Naogaon', 'নওগাঁ', 'naogaon', 1),
(21, 5, 'Natore', 'নাটোর', 'natore', 1),
(22, 5, 'Nawabganj', 'নবাবগঞ্জ', 'nawabganj', 1),
(23, 5, 'Pabna', 'পাবনা', 'pabna', 1),
(24, 5, 'Rajshahi', 'রাজশাহী', 'rajshahi', 1),
(25, 5, 'Sirajgonj', 'সিরাজগঞ্জ', 'sirajgonj', 1),
(26, 6, 'Dinajpur', 'দিনাজপুর', 'dinajpur', 1),
(27, 6, 'Gaibandha', 'গাইবান্ধা', 'gaibandha', 1),
(28, 6, 'Kurigram', 'কুড়িগ্রাম', 'kurigram', 1),
(29, 6, 'Lalmonirhat', 'লালমনিরহাট', 'lalmonirhat', 1),
(30, 6, 'Nilphamari', 'নীলফামারী', 'nilphamari', 1),
(31, 6, 'Panchagarh', 'পঞ্চগড়', 'panchagarh', 1),
(32, 6, 'Rangpur', 'রংপুর', 'rangpur', 1),
(33, 6, 'Thakurgaon', 'ঠাকুরগাঁও', 'thakurgaon', 1),
(34, 1, 'Barguna', 'বরগুনা', 'barguna', 1),
(35, 1, 'Barishal', 'বরিশাল', 'barishal', 1),
(36, 1, 'Bhola', 'ভোলা', 'bhola', 1),
(37, 1, 'Jhalokati', 'ঝালকাঠি', 'jhalokati', 1),
(38, 1, 'Patuakhali', 'পটুয়াখালী', 'patuakhali', 1),
(39, 1, 'Pirojpur', 'পিরোজপুর', 'pirojpur', 1),
(40, 2, 'Bandarban', 'বান্দরবান', 'bandarban', 1),
(41, 2, 'Brahmanbaria', 'ব্রাহ্মণবাড়িয়া', 'brahmanbaria', 1),
(42, 2, 'Chandpur', 'চাঁদপুর', 'chandpur', 1),
(43, 2, 'Chattogram', 'চট্টগ্রাম', 'chattogram', 1),
(44, 2, 'Cumilla', 'কুমিল্লা', 'cumilla', 1),
(45, 2, 'Cox\'s Bazar', 'কক্স বাজার', 'coxs-bazar', 1),
(46, 2, 'Feni', 'ফেনী', 'feni', 1),
(47, 2, 'Khagrachari', 'খাগড়াছড়ি', 'khagrachari', 1),
(48, 2, 'Lakshmipur', 'লক্ষ্মীপুর', 'lakshmipur', 1),
(49, 2, 'Noakhali', 'নোয়াখালী', 'noakhali', 1),
(50, 2, 'Rangamati', 'রাঙ্গামাটি', 'rangamati', 1),
(51, 7, 'Habiganj', 'হবিগঞ্জ', 'habiganj', 1),
(52, 7, 'Maulvibazar', 'মৌলভীবাজার', 'maulvibazar', 1),
(53, 7, 'Sunamganj', 'সুনামগঞ্জ', 'sunamganj', 1),
(54, 7, 'Sylhet', 'সিলেট', 'sylhet', 1),
(55, 4, 'Bagerhat', 'বাগেরহাট', 'bagerhat', 1),
(56, 4, 'Chuadanga', 'চুয়াডাঙ্গা', 'chuadanga', 1),
(57, 4, 'Jashore', 'যশোর', 'jashore', 1),
(58, 4, 'Jhenaidah', 'ঝিনাইদহ', 'jhenaidah', 1),
(59, 4, 'Khulna', 'খুলনা', 'khulna', 1),
(60, 4, 'Kushtia', 'কুষ্টিয়া', 'kushtia', 1),
(61, 4, 'Magura', 'মাগুরা', 'magura', 1),
(62, 4, 'Meherpur', 'মেহেরপুর', 'meherpur', 1),
(63, 4, 'Narail', 'নড়াইল', 'narail', 1),
(64, 4, 'Satkhira', 'সাতক্ষীরা', 'satkhira', 1);

CREATE TABLE `thanas` (
  `id` BIGINT UNSIGNED AUTO_INCREMENT PRIMARY KEY,
  `district_id` BIGINT UNSIGNED NOT NULL,
  `name` VARCHAR(255) NOT NULL,
  `bn_name` VARCHAR(255) NOT NULL,
  `code` VARCHAR(50) NOT NULL UNIQUE,
  `postal_code` VARCHAR(50) NULL,
  `status` TINYINT NOT NULL DEFAULT 1,
  `deleted_at` TIMESTAMP NULL DEFAULT NULL,
  `created_at` TIMESTAMP NULL DEFAULT CURRENT_TIMESTAMP,
  `updated_at` TIMESTAMP NULL DEFAULT CURRENT_TIMESTAMP ON UPDATE CURRENT_TIMESTAMP,
  CONSTRAINT `fk_thanas_district_id` FOREIGN KEY (`district_id`) REFERENCES `districts` (`id`) ON DELETE CASCADE
) ENGINE=InnoDB DEFAULT CHARSET=utf8mb4 COLLATE=utf8mb4_unicode_ci;

INSERT INTO `thanas` (`id`, `district_id`, `name`, `bn_name`, `code`, `postal_code`, `status`) VALUES
(1, 34, 'Amtali', 'আমতলী', 'amtali', '8710', 1),
(2, 34, 'Bamna', 'বামনা', 'bamna', '8730', 1),
(3, 34, 'Barguna Sadar', 'বরগুনা সদর', 'barguna-sadar', '8700', 1),
(4, 34, 'Betagi', 'বেতাগি', 'betagi', '8740', 1),
(5, 34, 'Patharghata', 'পাথরঘাটা', 'patharghata', '8720', 1),
(6, 34, 'Taltali', 'তালতলী', 'taltali', '8710', 1),
(7, 35, 'Muladi', 'মুলাদি', 'muladi', '8250', 1),
(8, 35, 'Babuganj', 'বাবুগঞ্জ', 'babuganj', '8210', 1),
(9, 35, 'Agailjhara', 'আগাইলঝরা', 'agailjhara', '8240', 1),
(10, 35, 'Barisal Sadar', 'বরিশাল সদর', 'barisal-sadar', '8200', 1),
(11, 35, 'Bakerganj', 'বাকেরগঞ্জ', 'bakerganj', '8280', 1),
(12, 35, 'Banaripara', 'বানাড়িপারা', 'banaripara', '8530', 1),
(13, 35, 'Gaurnadi', 'গৌরনদী', 'gaurnadi', '8233', 1),
(14, 35, 'Hizla', 'হিজলা', 'hizla', '8270', 1),
(15, 35, 'Mehendiganj', 'মেহেদিগঞ্জ ', 'mehendiganj', '8274', 1),
(16, 35, 'Wazirpur', 'ওয়াজিরপুর', 'wazirpur', '8223', 1),
(17, 36, 'Bhola Sadar', 'ভোলা সদর', 'bhola-sadar', '8300', 1),
(18, 36, 'Burhanuddin', 'বুরহানউদ্দিন', 'burhanuddin', '8320', 1),
(19, 36, 'Char Fasson', 'চর ফ্যাশন', 'char-fasson', '8340', 1),
(20, 36, 'Daulatkhan', 'দৌলতখান', 'daulatkhan', '8310', 1),
(21, 36, 'Lalmohan', 'লালমোহন', 'lalmohan', '8330', 1),
(22, 36, 'Manpura', 'মনপুরা', 'manpura', '8320', 1),
(23, 36, 'Tazumuddin', 'তাজুমুদ্দিন', 'tazumuddin', '8360', 1),
(24, 37, 'Jhalokati Sadar', 'ঝালকাঠি সদর', 'jhalokati-sadar', '8402', 1),
(25, 37, 'Kathalia', 'কাঁঠালিয়া', 'kathalia', '8430', 1),
(26, 37, 'Nalchity', 'নালচিতি', 'nalchity', '8421', 1),
(27, 37, 'Rajapur', 'রাজাপুর', 'rajapur', '8410', 1),
(28, 38, 'Bauphal', 'বাউফল', 'bauphal', '8620', 1),
(29, 38, 'Dashmina', 'দশমিনা', 'dashmina', '8630', 1),
(30, 38, 'Galachipa', 'গলাচিপা', 'galachipa', '8640', 1),
(31, 38, 'Kalapara', 'কালাপারা', 'kalapara', '8650', 1),
(32, 38, 'Mirzaganj', 'মির্জাগঞ্জ ', 'mirzaganj', '8610', 1),
(33, 38, 'Patuakhali Sadar', 'পটুয়াখালী সদর', 'patuakhali-sadar', '8600', 1),
(34, 38, 'Dumki', 'ডুমকি', 'dumki', '8602', 1),
(35, 38, 'Rangabali', 'রাঙ্গাবালি', 'rangabali', '8600', 1),
(36, 39, 'Bhandaria', 'ভ্যান্ডারিয়া', 'bhandaria', '8550', 1),
(37, 39, 'Kaukhali', 'কাউখালি', 'kaukhali', '8510', 1),
(38, 39, 'Mathbaria', 'মাঠবাড়িয়া', 'mathbaria', '8560', 1),
(39, 39, 'Nazirpur', 'নাজিরপুর', 'nazirpur', '8540', 1),
(40, 39, 'Nesarabad', 'নেসারাবাদ', 'nesarabad', '8520', 1),
(41, 39, 'Pirojpur Sadar', 'পিরোজপুর সদর', 'pirojpur-sadar', '8500', 1),
(42, 39, 'Zianagar', 'জিয়ানগর', 'zianagar', '8500', 1),
(43, 40, 'Bandarban Sadar', 'বান্দরবন সদর', 'bandarban-sadar', '4600', 1),
(44, 40, 'Thanchi', 'থানচি', 'thanchi', '4630', 1),
(45, 40, 'Lama', 'লামা', 'lama', '4641', 1),
(46, 40, 'Naikhongchhari', 'নাইখংছড়ি ', 'naikhongchhari', '4660', 1),
(47, 40, 'Ali kadam', 'আলী কদম', 'ali-kadam', '4650', 1),
(48, 40, 'Rowangchhari', 'রউয়াংছড়ি ', 'rowangchhari', '4610', 1),
(49, 40, 'Ruma', 'রুমা', 'ruma', '4620', 1),
(50, 41, 'Brahmanbaria Sadar', 'ব্রাহ্মণবাড়িয়া সদর', 'brahmanbaria-sadar', '3402', 1),
(51, 41, 'Ashuganj', 'আশুগঞ্জ', 'ashuganj', '3402', 1),
(52, 41, 'Nasirnagar', 'নাসির নগর', 'nasirnagar', '3440', 1),
(53, 41, 'Nabinagar', 'নবীনগর', 'nabinagar', '3410', 1),
(54, 41, 'Sarail', 'সরাইল', 'sarail', '3432', 1),
(55, 41, 'Shahbazpur Town', 'শাহবাজপুর টাউন', 'shahbazpur-town', '3431', 1),
(56, 41, 'Kasba', 'কসবা', 'kasba', '3460', 1),
(57, 41, 'Akhaura', 'আখাউরা', 'akhaura', '3450', 1),
(58, 41, 'Bancharampur', 'বাঞ্ছারামপুর', 'bancharampur', '3420', 1),
(59, 41, 'Bijoynagar', 'বিজয় নগর', 'bijoynagar', '3400', 1),
(60, 42, 'Chandpur Sadar', 'চাঁদপুর সদর', 'chandpur-sadar', '3600', 1),
(61, 42, 'Faridganj', 'ফরিদগঞ্জ', 'faridganj', '3650', 1),
(62, 42, 'Haimchar', 'হাইমচর', 'haimchar', '3661', 1),
(63, 42, 'Haziganj', 'হাজীগঞ্জ', 'haziganj', '3611', 1),
(64, 42, 'Kachua', 'কচুয়া', 'kachua', '3630', 1),
(65, 42, 'Matlab Uttar', 'মতলব উত্তর', 'matlab-uttar', '3640', 1),
(66, 42, 'Matlab Dakkhin', 'মতলব দক্ষিণ', 'matlab-dakkhin', '3640', 1),
(67, 42, 'Shahrasti', 'শাহরাস্তি', 'shahrasti', '3620', 1),
(68, 43, 'Anwara', 'আনোয়ারা', 'anwara', '4376', 1),
(69, 43, 'Banshkhali', 'বাশখালি', 'banshkhali', '4391', 1),
(70, 43, 'Boalkhali', 'বোয়ালখালি', 'boalkhali', '4366', 1),
(71, 43, 'Chandanaish', 'চন্দনাইশ', 'chandanaish', '4373', 1),
(72, 43, 'Fatikchhari', 'ফটিকছড়ি', 'fatikchhari', '4350', 1),
(73, 43, 'Hathazari', 'হাঠহাজারী', 'hathazari', '4330', 1),
(74, 43, 'Lohagara', 'লোহাগারা', 'lohagara', '4396', 1),
(75, 43, 'Mirsharai', 'মিরসরাই', 'mirsharai', '4320', 1),
(76, 43, 'Patiya', 'পটিয়া', 'patiya', '4370', 1),
(77, 43, 'Rangunia', 'রাঙ্গুনিয়া', 'rangunia', '4360', 1),
(78, 43, 'Raozan', 'রাউজান', 'raozan', '4349', 1),
(79, 43, 'Sandwip', 'সন্দ্বীপ', 'sandwip', '4300', 1),
(80, 43, 'Satkania', 'সাতকানিয়া', 'satkania', '4386', 1),
(81, 43, 'Sitakunda', 'সীতাকুণ্ড', 'sitakunda', '4310', 1),
(82, 44, 'Barura', 'বড়ুরা', 'barura', '3560', 1),
(83, 44, 'Brahmanpara', 'ব্রাহ্মণপাড়া', 'brahmanpara', '3526', 1),
(84, 44, 'Burichong', 'বুড়িচং', 'burichong', '3520', 1),
(85, 44, 'Chandina', 'চান্দিনা', 'chandina', '3510', 1),
(86, 44, 'Chauddagram', 'চৌদ্দগ্রাম', 'chauddagram', '3551', 1),
(87, 44, 'Daudkandi', 'দাউদকান্দি', 'daudkandi', '3516', 1),
(88, 44, 'Debidwar', 'দেবীদ্বার', 'debidwar', '3530', 1),
(89, 44, 'Homna', 'হোমনা', 'homna', '3546', 1),
(90, 44, 'Comilla Sadar', 'কুমিল্লা সদর', 'comilla-sadar', '3500', 1),
(91, 44, 'Laksam', 'লাকসাম', 'laksam', '3570', 1),
(92, 44, 'Monohorgonj', 'মনোহরগঞ্জ', 'monohorgonj', '3573', 1),
(93, 44, 'Meghna', 'মেঘনা', 'meghna', '3517', 1),
(94, 44, 'Muradnagar', 'মুরাদনগর', 'muradnagar', '3540', 1),
(95, 44, 'Nangalkot', 'নাঙ্গালকোট', 'nangalkot', '3582', 1),
(96, 44, 'Comilla Sadar South', 'কুমিল্লা সদর দক্ষিণ', 'comilla-sadar-south', '3500', 1),
(97, 44, 'Titas', 'তিতাস', 'titas', '3515', 1),
(98, 45, 'Chakaria', 'চকরিয়া', 'chakaria', '4740', 1),
(100, 45, 'Cox\'s Bazar Sadar', 'কক্স বাজার সদর', 'coxs-bazar-sadar', '4700', 1),
(101, 45, 'Kutubdia', 'কুতুবদিয়া', 'kutubdia', '4720', 1),
(102, 45, 'Maheshkhali', 'মহেশখালী', 'maheshkhali', '4720', 1),
(103, 45, 'Ramu', 'রামু', 'ramu', '4730', 1),
(104, 45, 'Teknaf', 'টেকনাফ', 'teknaf', '4760', 1),
(105, 45, 'Ukhia', 'উখিয়া', 'ukhia', '4750', 1),
(106, 45, 'Pekua', 'পেকুয়া', 'pekua', '4741', 1),
(107, 46, 'Feni Sadar', 'ফেনী সদর', 'feni-sadar', '3900', 1),
(108, 46, 'Chagalnaiya', 'ছাগল নাইয়া', 'chagalnaiya', '3910', 1),
(109, 46, 'Daganbhyan', 'দাগানভিয়া', 'daganbhyan', '3910', 1),
(110, 46, 'Parshuram', 'পরশুরাম', 'parshuram', '3940', 1),
(111, 46, 'Fhulgazi', 'ফুলগাজি', 'fhulgazi', '3942', 1),
(112, 46, 'Sonagazi', 'সোনাগাজি', 'sonagazi', '3930', 1),
(113, 47, 'Dighinala', 'দিঘিনালা ', 'dighinala', '4420', 1),
(114, 47, 'Khagrachhari', 'খাগড়াছড়ি', 'khagrachhari', '4400', 1),
(115, 47, 'Lakshmichhari', 'লক্ষ্মীছড়ি', 'lakshmichhari', '4400', 1),
(116, 47, 'Mahalchhari', 'মহলছড়ি', 'mahalchhari', '4430', 1),
(117, 47, 'Manikchhari', 'মানিকছড়ি', 'manikchhari', '4460', 1),
(118, 47, 'Matiranga', 'মাটিরাঙ্গা', 'matiranga', '4450', 1),
(119, 47, 'Panchhari', 'পানছড়ি', 'panchhari', '4410', 1),
(120, 47, 'Ramgarh', 'রামগড়', 'ramgarh', '4430', 1),
(121, 48, 'Lakshmipur Sadar', 'লক্ষ্মীপুর সদর', 'lakshmipur-sadar', '3709', 1),
(122, 48, 'Raipur', 'রায়পুর', 'raipur', '3714', 1),
(123, 48, 'Ramganj', 'রামগঞ্জ', 'ramganj', '3720', 1),
(124, 48, 'Ramgati', 'রামগতি', 'ramgati', '3721', 1),
(125, 48, 'Komol Nagar', 'কমল নগর', 'komol-nagar', '3706', 1),
(126, 49, 'Noakhali Sadar', 'নোয়াখালী সদর', 'noakhali-sadar', '3800', 1),
(127, 49, 'Begumganj', 'বেগমগঞ্জ', 'begumganj', '3820', 1),
(128, 49, 'Chatkhil', 'চাটখিল', 'chatkhil', '3870', 1),
(129, 49, 'Companyganj', 'কোম্পানীগঞ্জ', 'companyganj', '3850', 1),
(130, 49, 'Shenbag', 'শেনবাগ', 'shenbag', '3862', 1),
(131, 49, 'Hatia', 'হাতিয়া', 'hatia', '3891', 1),
(132, 49, 'Kobirhat', 'কবিরহাট ', 'kobirhat', '3800', 1),
(133, 49, 'Sonaimuri', 'সোনাইমুরি', 'sonaimuri', '3824', 1),
(134, 49, 'Suborno Char', 'সুবর্ণ চর ', 'suborno-char', '3800', 1),
(135, 50, 'Rangamati Sadar', 'রাঙ্গামাটি সদর', 'rangamati-sadar', '4500', 1),
(136, 50, 'Belaichhari', 'বেলাইছড়ি', 'belaichhari', '4550', 1),
(137, 50, 'Bagaichhari', 'বাঘাইছড়ি', 'bagaichhari', '4550', 1),
(138, 50, 'Barkal', 'বরকল', 'barkal', '4570', 1),
(139, 50, 'Juraichhari', 'জুরাইছড়ি', 'juraichhari', '4560', 1),
(140, 50, 'Rajasthali', 'রাজাস্থলি', 'rajasthali', '4540', 1),
(141, 50, 'Kaptai', 'কাপ্তাই', 'kaptai', '4530', 1),
(142, 50, 'Langadu', 'লাঙ্গাডু', 'langadu', '4580', 1),
(143, 50, 'Nannerchar', 'নান্নেরচর ', 'nannerchar', '4530', 1),
(144, 50, 'Kaukhali', 'কাউখালি', 'kaukhali-rangamati', '4510', 1),
(145, 1, 'Dhamrai', 'ধামরাই', 'dhamrai', '1350', 1),
(146, 1, 'Dohar', 'দোহার', 'dohar', '1330', 1),
(147, 1, 'Keraniganj', 'কেরানীগঞ্জ', 'keraniganj', '1310', 1),
(148, 1, 'Nawabganj', 'নবাবগঞ্জ', 'nawabganj', '1320', 1),
(149, 1, 'Savar', 'সাভার', 'savar', '1340', 1),
(150, 2, 'Faridpur Sadar', 'ফরিদপুর সদর', 'faridpur-sadar', '7800', 1),
(151, 2, 'Boalmari', 'বোয়ালমারী', 'boalmari', '7860', 1),
(152, 2, 'Alfadanga', 'আলফাডাঙ্গা', 'alfadanga', '7870', 1),
(153, 2, 'Madhukhali', 'মধুখালি', 'madhukhali', '7851', 1),
(154, 2, 'Bhanga', 'ভাঙ্গা', 'bhanga', '7830', 1),
(155, 2, 'Nagarkanda', 'নগরকান্ড', 'nagarkanda', '7840', 1),
(156, 2, 'Charbhadrasan', 'চরভদ্রাসন ', 'charbhadrasan', '7810', 1),
(157, 2, 'Sadarpur', 'সদরপুর', 'sadarpur', '7820', 1),
(158, 2, 'Shaltha', 'শালথা', 'shaltha', '7840', 1),
(159, 3, 'Gazipur Sadar', 'গাজীপুর সদর', 'gazipur-sadar', '1700', 1),
(160, 3, 'Kaliakior', 'কালিয়াকৈর', 'kaliakior', '1750', 1),
(161, 3, 'Kapasia', 'কাপাসিয়া', 'kapasia', '1730', 1),
(162, 3, 'Sripur', 'শ্রীপুর', 'sripur', '1740', 1),
(163, 3, 'Kaliganj', 'কালীগঞ্জ', 'kaliganj', '1720', 1),
(164, 3, 'Tongi', 'টঙ্গি', 'tongi', '1710', 1),
(165, 4, 'Gopalganj Sadar', 'গোপালগঞ্জ সদর', 'gopalganj-sadar', '8100', 1),
(166, 4, 'Kashiani', 'কাশিয়ানি', 'kashiani', '8130', 1),
(167, 4, 'Kotalipara', 'কোটালিপাড়া', 'kotalipara', '8110', 1),
(168, 4, 'Muksudpur', 'মুকসুদপুর', 'muksudpur', '8141', 1),
(169, 4, 'Tungipara', 'টুঙ্গিপাড়া', 'tungipara', '8120', 1),
(170, 5, 'Dewanganj', 'দেওয়ানগঞ্জ', 'dewanganj', '2030', 1),
(171, 5, 'Baksiganj', 'বকসিগঞ্জ', 'baksiganj', '2140', 1),
(172, 5, 'Islampur', 'ইসলামপুর', 'islampur', '2020', 1),
(173, 5, 'Jamalpur Sadar', 'জামালপুর সদর', 'jamalpur-sadar', '2000', 1),
(174, 5, 'Madarganj', 'মাদারগঞ্জ', 'madarganj', '2040', 1),
(175, 5, 'Melandaha', 'মেলানদাহা', 'melandaha', '2011', 1),
(176, 5, 'Sarishabari', 'সরিষাবাড়ি ', 'sarishabari', '2052', 1),
(177, 5, 'Narundi Police I.C', 'নারুন্দি', 'narundi-police-ic', '2002', 1),
(178, 6, 'Astagram', 'অষ্টগ্রাম', 'astagram', '2380', 1),
(179, 6, 'Bajitpur', 'বাজিতপুর', 'bajitpur', '2336', 1),
(180, 6, 'Bhairab', 'ভৈরব', 'bhairab', '2350', 1),
(181, 6, 'Hossainpur', 'হোসেনপুর ', 'hossainpur', '2320', 1),
(182, 6, 'Itna', 'ইটনা', 'itna', '2390', 1),
(183, 6, 'Karimganj', 'করিমগঞ্জ', 'karimganj', '2310', 1),
(184, 6, 'Katiadi', 'কতিয়াদি', 'katiadi', '2330', 1),
(185, 6, 'Kishoreganj Sadar', 'কিশোরগঞ্জ সদর', 'kishoreganj-sadar', '2300', 1),
(186, 6, 'Kuliarchar', 'কুলিয়ারচর', 'kuliarchar', '2340', 1),
(187, 6, 'Mithamain', 'মিঠামাইন', 'mithamain', '2371', 1),
(188, 6, 'Nikli', 'নিকলি', 'nikli', '2360', 1),
(189, 6, 'Pakundia', 'পাকুন্ডা', 'pakundia', '2326', 1),
(190, 6, 'Tarail', 'তাড়াইল', 'tarail', '2316', 1),
(191, 7, 'Madaripur Sadar', 'মাদারীপুর সদর', 'madaripur-sadar', '7900', 1),
(192, 7, 'Kalkini', 'কালকিনি', 'kalkini', '7920', 1),
(193, 7, 'Rajoir', 'রাজইর', 'rajoir', '7910', 1),
(194, 7, 'Shibchar', 'শিবচর', 'shibchar', '7930', 1),
(195, 8, 'Manikganj Sadar', 'মানিকগঞ্জ সদর', 'manikganj-sadar', '1800', 1),
(196, 8, 'Singair', 'সিঙ্গাইর', 'singair', '1820', 1),
(197, 8, 'Shibalaya', 'শিবালয়', 'shibalaya', '1851', 1),
(198, 8, 'Saturia', 'সাটুরিয়া', 'saturia', '1810', 1),
(199, 8, 'Harirampur', 'হরিরামপুর', 'harirampur', '1830', 1),
(200, 8, 'Ghior', 'ঘিওর', 'ghior', '1840', 1),
(201, 8, 'Daulatpur', 'দৌলতপুর', 'daulatpur', '1860', 1),
(202, 9, 'Lohajang', 'লোহাজং', 'lohajang', '1530', 1),
(203, 9, 'Sreenagar', 'শ্রীনগর', 'sreenagar', '1557', 1),
(204, 9, 'Munshiganj Sadar', 'মুন্সিগঞ্জ সদর', 'munshiganj-sadar', '1500', 1),
(205, 9, 'Sirajdikhan', 'সিরাজদিখান', 'sirajdikhan', '1540', 1),
(206, 9, 'Tongibari', 'টঙ্গিবাড়ি', 'tongibari', '1523', 1),
(207, 9, 'Gazaria', 'গজারিয়া', 'gazaria', '1510', 1),
(208, 10, 'Bhaluka', 'ভালুকা', 'bhaluka', '2240', 1),
(209, 10, 'Trishal', 'ত্রিশাল', 'trishal', '2220', 1),
(210, 10, 'Haluaghat', 'হালুয়াঘাট', 'haluaghat', '2260', 1),
(211, 10, 'Muktagachha', 'মুক্তাগাছা', 'muktagachha', '2210', 1),
(212, 10, 'Dhobaura', 'ধবারুয়া', 'dhobaura', '2416', 1),
(213, 10, 'Fulbaria', 'ফুলবাড়িয়া', 'fulbaria', '2216', 1),
(214, 10, 'Gaffargaon', 'গফরগাঁও', 'gaffargaon', '2234', 1),
(215, 10, 'Gauripur', 'গৌরিপুর', 'gauripur', '2270', 1),
(216, 10, 'Ishwarganj', 'ঈশ্বরগঞ্জ', 'ishwarganj', '2282', 1),
(217, 10, 'Mymensingh Sadar', 'ময়মনসিং সদর', 'mymensingh-sadar', '2200', 1),
(218, 10, 'Nandail', 'নন্দাইল', 'nandail', '2290', 1),
(219, 10, 'Phulpur', 'ফুলপুর', 'phulpur', '2250', 1),
(220, 11, 'Araihazar', 'আড়াইহাজার', 'araihazar', '1450', 1),
(221, 11, 'Sonargaon', 'সোনারগাঁও', 'sonargaon', '1440', 1),
(222, 11, 'Bandar', 'বান্দার', 'bandar', '1410', 1),
(223, 11, 'Narayanganj Sadar', 'নারায়ানগঞ্জ সদর', 'narayanganj-sadar', '1400', 1),
(224, 11, 'Rupganj', 'রূপগঞ্জ', 'rupganj', '1460', 1),
(225, 11, 'Siddhirganj', 'সিদ্ধিরগঞ্জ', 'siddhirganj', '1430', 1),
(226, 12, 'Belabo', 'বেলাবো', 'belabo', '1640', 1),
(227, 12, 'Monohardi', 'মনোহরদি', 'monohardi', '1651', 1),
(228, 12, 'Narsingdi Sadar', 'নরসিংদী সদর', 'narsingdi-sadar', '1600', 1),
(229, 12, 'Palash', 'পলাশ', 'palash', '1610', 1),
(230, 12, 'Raipura, Narsingdi', 'রায়পুর', 'raipura-narsingdi', '1630', 1),
(231, 12, 'Shibpur', 'শিবপুর', 'shibpur', '1620', 1),
(232, 13, 'Kendua', 'কেন্দুয়া', 'kendua', '2480', 1),
(233, 13, 'Atpara', 'আটপাড়া', 'atpara', '2470', 1),
(234, 13, 'Barhatta', 'বরহাট্টা', 'barhatta', '2440', 1),
(235, 13, 'Durgapur', 'দুর্গাপুর', 'durgapur', '2420', 1),
(236, 13, 'Kalmakanda', 'কলমাকান্দা', 'kalmakanda', '2430', 1),
(237, 13, 'Madan', 'মদন', 'madan', '2490', 1),
(238, 13, 'Mohanganj', 'মোহনগঞ্জ', 'mohanganj', '2446', 1),
(239, 13, 'Netrokona Sadar', 'নেত্রকোনা সদর', 'netrokona-sadar', '2400', 1),
(240, 13, 'Purbadhala', 'পূর্বধলা', 'purbadhala', '2412', 1),
(241, 13, 'Khaliajuri', 'খালিয়াজুরি', 'khaliajuri', '2460', 1),
(242, 14, 'Baliakandi', 'বালিয়াকান্দি', 'baliakandi', '7730', 1),
(243, 14, 'Goalandaghat', 'গোয়ালন্দ ঘাট', 'goalandaghat', '7710', 1),
(244, 14, 'Pangsha', 'পাংশা', 'pangsha', '7720', 1),
(245, 14, 'Kalukhali', 'কালুখালি', 'kalukhali', '7720', 1),
(246, 14, 'Rajbari Sadar', 'রাজবাড়ি সদর', 'rajbari-sadar', '7700', 1),
(247, 15, 'Shariatpur Sadar', 'শরীয়তপুর সদর ', 'shariatpur-sadar', '8000', 1),
(248, 15, 'Damudya', 'দামুদিয়া', 'damudya', '8040', 1),
(249, 15, 'Naria', 'নড়িয়া', 'naria', '8020', 1),
(250, 15, 'Jajira', 'জাজিরা', 'jajira', '8010', 1),
(251, 15, 'Bhedarganj', 'ভেদারগঞ্জ', 'bhedarganj', '8030', 1),
(252, 15, 'Gosairhat', 'গোসাইর হাট ', 'gosairhat', '8050', 1),
(253, 16, 'Jhenaigati', 'ঝিনাইগাতি', 'jhenaigati', '2120', 1),
(254, 16, 'Nakla', 'নাকলা', 'nakla', '2150', 1),
(255, 16, 'Nalitabari', 'নালিতাবাড়ি', 'nalitabari', '2110', 1),
(256, 16, 'Sherpur Sadar', 'শেরপুর সদর', 'sherpur-sadar', '2100', 1),
(257, 16, 'Sreebardi', 'শ্রীবরদি', 'sreebardi', '2130', 1),
(258, 17, 'Tangail Sadar', 'টাঙ্গাইল সদর', 'tangail-sadar', '1900', 1),
(259, 17, 'Sakhipur', 'সখিপুর', 'sakhipur', '1950', 1),
(260, 17, 'Basail', 'বসাইল', 'basail', '1920', 1),
(261, 17, 'Madhupur', 'মধুপুর', 'madhupur', '1996', 1),
(262, 17, 'Ghatail', 'ঘাটাইল', 'ghatail', '1982', 1),
(263, 17, 'Kalihati', 'কালিহাতি', 'kalihati', '1970', 1),
(264, 17, 'Nagarpur', 'নগরপুর', 'nagarpur', '1936', 1),
(265, 17, 'Mirzapur', 'মির্জাপুর', 'mirzapur', '1940', 1),
(266, 17, 'Gopalpur', 'গোপালপুর', 'gopalpur', '1990', 1),
(267, 17, 'Delduar', 'দেলদুয়ার', 'delduar', '1910', 1),
(268, 17, 'Bhuapur', 'ভুয়াপুর', 'bhuapur', '1960', 1),
(269, 17, 'Dhanbari', 'ধানবাড়ি', 'dhanbari', '1996', 1),
(270, 55, 'Bagerhat Sadar', 'বাগেরহাট সদর', 'bagerhat-sadar', '9300', 1),
(271, 55, 'Chitalmari', 'চিতলমাড়ি', 'chitalmari', '9360', 1),
(272, 55, 'Fakirhat', 'ফকিরহাট', 'fakirhat', '9370', 1),
(273, 55, 'Kachua', 'কচুয়া', 'kachua-bagerhat', '9310', 1),
(274, 55, 'Mollahat', 'মোল্লাহাট ', 'mollahat', '9380', 1),
(275, 55, 'Mongla', 'মংলা', 'mongla', '9351', 1),
(276, 55, 'Morrelganj', 'মরেলগঞ্জ', 'morrelganj', '9320', 1),
(277, 55, 'Rampal', 'রামপাল', 'rampal', '9340', 1),
(278, 55, 'Sarankhola', 'স্মরণখোলা', 'sarankhola', '9340', 1),
(279, 56, 'Damurhuda', 'দামুরহুদা', 'damurhuda', '7220', 1),
(280, 56, 'Chuadanga Sadar', 'চুয়াডাঙ্গা সদর', 'chuadanga-sadar', '7200', 1),
(281, 56, 'Jibannagar', 'জীবন নগর ', 'jibannagar', '7220', 1),
(282, 56, 'Alamdanga', 'আলমডাঙ্গা', 'alamdanga', '7210', 1),
(283, 57, 'Abhaynagar', 'অভয়নগর', 'abhaynagar', '7460', 1),
(284, 57, 'Keshabpur', 'কেশবপুর', 'keshabpur', '7450', 1),
(285, 57, 'Bagherpara', 'বাঘের পাড়া ', 'bagherpara', '7470', 1),
(286, 57, 'Jessore Sadar', 'যশোর সদর', 'jessore-sadar', '7400', 1),
(287, 57, 'Chaugachha', 'চৌগাছা', 'chaugachha', '7410', 1),
(288, 57, 'Manirampur', 'মনিরামপুর ', 'manirampur', '7440', 1),
(289, 57, 'Jhikargachha', 'ঝিকরগাছা', 'jhikargachha', '7420', 1),
(290, 57, 'Sharsha', 'সারশা', 'sharsha', '7433', 1),
(291, 58, 'Jhenaidah Sadar', 'ঝিনাইদহ সদর', 'jhenaidah-sadar', '7300', 1),
(292, 58, 'Maheshpur', 'মহেশপুর', 'maheshpur', '7340', 1),
(293, 58, 'Kaliganj', 'কালীগঞ্জ', 'kaliganj-jhenaidah', '7350', 1),
(294, 58, 'Kotchandpur', 'কোট চাঁদপুর ', 'kotchandpur', '7330', 1),
(295, 58, 'Shailkupa', 'শৈলকুপা', 'shailkupa', '7321', 1),
(296, 58, 'Harinakunda', 'হাড়িনাকুন্দা', 'harinakunda', '7310', 1),
(297, 59, 'Terokhada', 'তেরোখাদা', 'terokhada', '9231', 1),
(298, 59, 'Batiaghata', 'বাটিয়াঘাটা ', 'batiaghata', '9260', 1),
(299, 59, 'Dacope', 'ডাকপে', 'dacope', '9240', 1),
(300, 59, 'Dumuria', 'ডুমুরিয়া', 'dumuria', '9250', 1),
(301, 59, 'Dighalia', 'দিঘলিয়া', 'dighalia', '9221', 1),
(302, 59, 'Koyra', 'কয়ড়া', 'koyra', '9290', 1),
(303, 59, 'Paikgachha', 'পাইকগাছা', 'paikgachha', '9280', 1),
(304, 59, 'Phultala', 'ফুলতলা', 'phultala', '9210', 1),
(305, 59, 'Rupsa', 'রূপসা', 'rupsa', '9240', 1),
(306, 60, 'Kushtia Sadar', 'কুষ্টিয়া সদর', 'kushtia-sadar', '7003', 1),
(307, 60, 'Kumarkhali', 'কুমারখালি', 'kumarkhali', '7010', 1),
(308, 60, 'Daulatpur', 'দৌলতপুর', 'daulatpur-kushtia', '7050', 1),
(309, 60, 'Mirpur', 'মিরপুর', 'mirpur', '7030', 1),
(310, 60, 'Bheramara', 'ভেরামারা', 'bheramara', '7040', 1),
(311, 60, 'Khoksa', 'খোকসা', 'khoksa', '7020', 1),
(312, 61, 'Magura Sadar', 'মাগুরা সদর', 'magura-sadar', '7600', 1),
(313, 61, 'Mohammadpur', 'মোহাম্মাদপুর', 'mohammadpur', '7630', 1),
(314, 61, 'Shalikha', 'শালিখা', 'shalikha', '7620', 1),
(315, 61, 'Sreepur', 'শ্রীপুর', 'sreepur', '7610', 1),
(316, 62, 'Gangni', 'গাংনী', 'gangni', '7110', 1),
(317, 62, 'Mujib Nagar', 'মুজিব নগর', 'mujib-nagar', '7100', 1),
(318, 62, 'Meherpur Sadar', 'মেহেরপুর সদর', 'meherpur-sadar', '7100', 1),
(319, 63, 'Narail Sadar', 'নড়াইল সদর', 'narail-sadar', '7500', 1),
(320, 63, 'Lohagara', 'লোহাগাড়া', 'lohagara-narail', '7510', 1),
(321, 63, 'Kalia', 'কালিয়া', 'kalia', '7520', 1),
(322, 64, 'Satkhira Sadar', 'সাতক্ষীরা সদর', 'satkhira-sadar', '9400', 1),
(323, 64, 'Assasuni', 'আসসাশুনি ', 'assasuni', '9460', 1),
(324, 64, 'Debhata', 'দেভাটা', 'debhata', '9430', 1),
(325, 64, 'Tala', 'তালা', 'tala', '9421', 1),
(326, 64, 'Kalaroa', 'কলরোয়া', 'kalaroa', '9410', 1),
(327, 64, 'Kaliganj', 'কালীগঞ্জ', 'kaliganj-satkhira', '9440', 1),
(328, 64, 'Shyamnagar', 'শ্যামনগর', 'shyamnagar', '9450', 1),
(329, 18, 'Adamdighi', 'আদমদিঘী', 'adamdighi', '5890', 1),
(330, 18, 'Bogra Sadar', 'বগুড়া সদর', 'bogra-sadar', '5800', 1),
(331, 18, 'Sherpur', 'শেরপুর', 'sherpur', '5840', 1),
(332, 18, 'Dhunat', 'ধুনট', 'dhunat', '5850', 1),
(333, 18, 'Dhupchanchia', 'দুপচাচিয়া', 'dhupchanchia', '5880', 1),
(334, 18, 'Gabtali', 'গাবতলি', 'gabtali', '5820', 1),
(335, 18, 'Kahaloo', 'কাহালু', 'kahaloo', '5870', 1),
(336, 18, 'Nandigram', 'নন্দিগ্রাম', 'nandigram', '5860', 1),
(337, 18, 'Sahajanpur', 'শাহজাহানপুর', 'sahajanpur', '5800', 1),
(338, 18, 'Sariakandi', 'সারিয়াকান্দি', 'sariakandi', '5830', 1),
(339, 18, 'Shibganj', 'শিবগঞ্জ', 'shibganj', '5810', 1),
(340, 18, 'Sonatala', 'সোনাতলা', 'sonatala', '5826', 1),
(341, 19, 'Joypurhat Sadar', 'জয়পুরহাট সদর', 'joypurhat-sadar', '5900', 1),
(342, 19, 'Akkelpur', 'আক্কেলপুর', 'akkelpur', '5940', 1),
(343, 19, 'Kalai', 'কালাই', 'kalai', '5930', 1),
(344, 19, 'Khetlal', 'খেতলাল', 'khetlal', '5920', 1),
(345, 19, 'Panchbibi', 'পাঁচবিবি', 'panchbibi', '5910', 1),
(346, 20, 'Naogaon Sadar', 'নওগাঁ সদর', 'naogaon-sadar', '6500', 1),
(347, 20, 'Mohadevpur', 'মহাদেবপুর', 'mohadevpur', '6530', 1),
(348, 20, 'Manda', 'মান্দা', 'manda', '6520', 1),
(349, 20, 'Niamatpur', 'নিয়ামতপুর', 'niamatpur', '6520', 1),
(350, 20, 'Atrai', 'আত্রাই', 'atrai', '6590', 1),
(351, 20, 'Raninagar', 'রাণীনগর', 'raninagar', '6590', 1),
(352, 20, 'Patnitala', 'পত্নীতলা', 'patnitala', '6540', 1),
(353, 20, 'Dhamoirhat', 'ধামইরহাট ', 'dhamoirhat', '6580', 1),
(354, 20, 'Sapahar', 'সাপাহার', 'sapahar', '6560', 1),
(355, 20, 'Porsha', 'পোরশা', 'porsha', '6580', 1),
(356, 20, 'Badalgachhi', 'বদলগাছি', 'badalgachhi', '6570', 1),
(357, 21, 'Natore Sadar', 'নাটোর সদর', 'natore-sadar', '6400', 1),
(358, 21, 'Baraigram', 'বড়াইগ্রাম', 'baraigram', '6430', 1),
(359, 21, 'Bagatipara', 'বাগাতিপাড়া', 'bagatipara', '6410', 1),
(360, 21, 'Lalpur', 'লালপুর', 'lalpur', '6420', 1),
(361, 21, 'Natore Sadar', 'নাটোর সদর', 'natore-sadar-natore', '6400', 1),
(362, 21, 'Baraigram', 'বড়াই গ্রাম', 'baraigram-natore', '6430', 1),
(363, 22, 'Bholahat', 'ভোলাহাট', 'bholahat', '6330', 1),
(364, 22, 'Gomastapur', 'গোমস্তাপুর', 'gomastapur', '6320', 1),
(365, 22, 'Nachole', 'নাচোল', 'nachole', '6310', 1),
(366, 22, 'Nawabganj Sadar', 'নবাবগঞ্জ সদর', 'nawabganj-sadar', '6300', 1),
(367, 22, 'Shibganj', 'শিবগঞ্জ', 'shibganj-nawabganj', '6300', 1),
(368, 23, 'Atgharia', 'আটঘরিয়া', 'atgharia', '6610', 1),
(369, 23, 'Bera', 'বেড়া', 'bera', '6680', 1),
(370, 23, 'Bhangura', 'ভাঙ্গুরা', 'bhangura', '6640', 1),
(371, 23, 'Chatmohar', 'চাটমোহর', 'chatmohar', '6630', 1),
(372, 23, 'Faridpur', 'ফরিদপুর', 'faridpur', '6620', 1),
(373, 23, 'Ishwardi', 'ঈশ্বরদী', 'ishwardi', '6620', 1),
(374, 23, 'Pabna Sadar', 'পাবনা সদর', 'pabna-sadar', '6600', 1),
(375, 23, 'Santhia', 'সাথিয়া', 'santhia', '6670', 1),
(376, 23, 'Sujanagar', 'সুজানগর', 'sujanagar', '6660', 1),
(377, 24, 'Bagha', 'বাঘা', 'bagha', '6280', 1),
(378, 24, 'Bagmara', 'বাগমারা', 'bagmara', '6250', 1),
(379, 24, 'Charghat', 'চারঘাট', 'charghat', '6270', 1),
(380, 24, 'Durgapur', 'দুর্গাপুর', 'durgapur-rajshahi', '6240', 1),
(381, 24, 'Godagari', 'গোদাগারি', 'godagari', '6290', 1),
(382, 24, 'Mohanpur', 'মোহনপুর', 'mohanpur', '6220', 1),
(383, 24, 'Paba', 'পবা', 'paba', '6210', 1),
(384, 24, 'Puthia', 'পুঠিয়া', 'puthia', '6260', 1),
(385, 24, 'Tanore', 'তানোর', 'tanore', '6230', 1),
(386, 25, 'Sirajganj Sadar', 'সিরাজগঞ্জ সদর', 'sirajganj-sadar', '6700', 1),
(387, 25, 'Belkuchi', 'বেলকুচি', 'belkuchi', '6740', 1),
(388, 25, 'Chauhali', 'চৌহালি', 'chauhali', '6750', 1),
(389, 25, 'Kamarkhanda', 'কামারখান্দা', 'kamarkhanda', '6700', 1),
(390, 25, 'Kazipur', 'কাজীপুর', 'kazipur', '6710', 1),
(391, 25, 'Raiganj', 'রায়গঞ্জ', 'raiganj', '6770', 1),
(392, 25, 'Shahjadpur', 'শাহজাদপুর', 'shahjadpur', '6770', 1),
(393, 25, 'Tarash', 'তারাশ', 'tarash', '6780', 1),
(394, 25, 'Ullahpara', 'উল্লাপাড়া', 'ullahpara', '6760', 1),
(395, 26, 'Birampur', 'বিরামপুর', 'birampur', '5266', 1),
(396, 26, 'Birganj', 'বীরগঞ্জ', 'birganj', '5220', 1),
(397, 26, 'Biral', 'বিড়াল', 'biral', '5210', 1),
(398, 26, 'Bochaganj', 'বোচাগঞ্জ', 'bochaganj', '5210', 1),
(399, 26, 'Chirirbandar', 'চিরিরবন্দর', 'chirirbandar', '5240', 1),
(400, 26, 'Phulbari', 'ফুলবাড়ি', 'phulbari', '5260', 1),
(401, 26, 'Ghoraghat', 'ঘোড়াঘাট', 'ghoraghat', '5290', 1),
(402, 26, 'Hakimpur', 'হাকিমপুর', 'hakimpur', '5270', 1),
(403, 26, 'Kaharole', 'কাহারোল', 'kaharole', '5220', 1),
(404, 26, 'Khansama', 'খানসামা', 'khansama', '5230', 1),
(405, 26, 'Dinajpur Sadar', 'দিনাজপুর সদর', 'dinajpur-sadar', '5200', 1),
(406, 26, 'Nawabganj', 'নবাবগঞ্জ', 'nawabganj-dinajpur', '5281', 1),
(407, 26, 'Parbatipur', 'পার্বতীপুর', 'parbatipur', '5250', 1),
(408, 27, 'Fulchhari', 'ফুলছড়ি', 'fulchhari', '5761', 1),
(409, 27, 'Gaibandha Sadar', 'গাইবান্ধা সদর', 'gaibandha-sadar', '5700', 1),
(410, 27, 'Gobindaganj', 'গোবিন্দগঞ্জ', 'gobindaganj', '5740', 1),
(411, 27, 'Palashbari', 'পলাশবাড়ী', 'palashbari', '5730', 1),
(412, 27, 'Sadullapur', 'সাদুল্যাপুর', 'sadullapur', '5711', 1),
(413, 27, 'Saghata', 'সাঘাটা', 'saghata', '5750', 1),
(414, 27, 'Sundarganj', 'সুন্দরগঞ্জ', 'sundarganj', '5720', 1),
(415, 28, 'Kurigram Sadar', 'কুড়িগ্রাম সদর', 'kurigram-sadar', '5600', 1),
(416, 28, 'Nageshwari', 'নাগেশ্বরী', 'nageshwari', '5660', 1),
(417, 28, 'Bhurungamari', 'ভুরুঙ্গামারি', 'bhurungamari', '5670', 1),
(418, 28, 'Phulbari', 'ফুলবাড়ি', 'phulbari-kurigram', '5680', 1),
(419, 28, 'Rajarhat', 'রাজারহাট', 'rajarhat', '5610', 1),
(420, 28, 'Ulipur', 'উলিপুর', 'ulipur', '5620', 1),
(421, 28, 'Chilmari', 'চিলমারি', 'chilmari', '5630', 1),
(422, 28, 'Rowmari', 'রউমারি', 'rowmari', '5640', 1),
(423, 28, 'Char Rajibpur', 'চর রাজিবপুর', 'char-rajibpur', '5600', 1),
(424, 29, 'Lalmanirhat Sadar', 'লালমনিরহাট সদর', 'lalmanirhat-sadar', '5502', 1),
(425, 29, 'Aditmari', 'আদিতমারি', 'aditmari', '5510', 1),
(426, 29, 'Kaliganj', 'কালীগঞ্জ', 'kaliganj-lalmonirhat', '5460', 1),
(427, 29, 'Hatibandha', 'হাতিবান্ধা', 'hatibandha', '5530', 1),
(428, 29, 'Patgram', 'পাটগ্রাম', 'patgram', '5540', 1),
(429, 30, 'Nilphamari Sadar', 'নীলফামারী সদর', 'nilphamari-sadar', '5300', 1),
(430, 30, 'Saidpur', 'সৈয়দপুর', 'saidpur', '5310', 1),
(431, 30, 'Jaldhaka', 'জলঢাকা', 'jaldhaka', '5330', 1),
(432, 30, 'Kishoreganj', 'কিশোরগঞ্জ', 'kishoreganj', '5320', 1),
(433, 30, 'Domar', 'ডোমার', 'domar', '5340', 1),
(434, 30, 'Dimla', 'ডিমলা', 'dimla', '5350', 1),
(435, 31, 'Panchagarh Sadar', 'পঞ্চগড় সদর', 'panchagarh-sadar', '5000', 1),
(436, 31, 'Debiganj', 'দেবীগঞ্জ', 'debiganj', '5020', 1),
(437, 31, 'Boda', 'বোদা', 'boda', '5010', 1),
(438, 31, 'Atwari', 'আটোয়ারি', 'atwari', '5020', 1),
(439, 31, 'Tetulia', 'তেঁতুলিয়া', 'tetulia', '5030', 1),
(440, 32, 'Badarganj', 'বদরগঞ্জ', 'badarganj', '5430', 1),
(441, 32, 'Mithapukur', 'মিঠাপুকুর', 'mithapukur', '5460', 1),
(442, 32, 'Gangachara', 'গঙ্গাচরা', 'gangachara', '5410', 1),
(443, 32, 'Kaunia', 'কাউনিয়া', 'kaunia', '5440', 1),
(444, 32, 'Rangpur Sadar', 'রংপুর সদর', 'rangpur-sadar', '5400', 1),
(445, 32, 'Pirgachha', 'পীরগাছা', 'pirgachha', '5450', 1),
(446, 32, 'Pirganj', 'পীরগঞ্জ', 'pirganj', '5470', 1),
(447, 32, 'Taraganj', 'তারাগঞ্জ', 'taraganj', '5420', 1),
(448, 33, 'Thakurgaon Sadar', 'ঠাকুরগাঁও সদর', 'thakurgaon-sadar', '5100', 1),
(449, 33, 'Pirganj', 'পীরগঞ্জ', 'pirganj-thakurgaon', '5110', 1),
(450, 33, 'Baliadangi', 'বালিয়াডাঙ্গি', 'baliadangi', '5140', 1),
(451, 33, 'Haripur', 'হরিপুর', 'haripur', '5120', 1),
(452, 33, 'Ranisankail', 'রাণীশংকৈল', 'ranisankail', '5120', 1),
(453, 51, 'Ajmiriganj', 'আজমিরিগঞ্জ', 'ajmiriganj', '3360', 1),
(454, 51, 'Baniachang', 'বানিয়াচং', 'baniachang', '3350', 1),
(455, 51, 'Bahubal', 'বাহুবল', 'bahubal', '3310', 1),
(456, 51, 'Chunarughat', 'চুনারুঘাট', 'chunarughat', '3320', 1),
(457, 51, 'Habiganj Sadar', 'হবিগঞ্জ সদর', 'habiganj-sadar', '3300', 1),
(458, 51, 'Lakhai', 'লাখাই', 'lakhai', '3350', 1),
(459, 51, 'Madhabpur', 'মাধবপুর', 'madhabpur', '3330', 1),
(460, 51, 'Nabiganj', 'নবীগঞ্জ', 'nabiganj', '3370', 1),
(461, 51, 'Shayestaganj', 'শায়েস্তাগঞ্জ', 'shayestaganj', '3301', 1),
(462, 52, 'Moulvibazar Sadar', 'মৌলভীবাজার', 'moulvibazar-sadar', '3200', 1),
(463, 52, 'Barlekha', 'বড়লেখা', 'barlekha', '3250', 1),
(464, 52, 'Juri', 'জুড়ি', 'juri', '3250', 1),
(465, 52, 'Kamalganj', 'কামালগঞ্জ', 'kamalganj', '3220', 1),
(466, 52, 'Kulaura', 'কুলাউরা', 'kulaura', '3230', 1),
(467, 52, 'Rajnagar', 'রাজনগর', 'rajnagar', '3240', 1),
(468, 52, 'Sreemangal', 'শ্রীমঙ্গল', 'sreemangal', '3212', 1),
(469, 53, 'Bishwamvarpur', 'বিসশম্ভারপুর', 'bishwamvarpur', '3010', 1),
(470, 53, 'Chhatak', 'ছাতক', 'chhatak', '3080', 1),
(471, 53, 'Derai', 'দেড়াই', 'derai', '3040', 1),
(472, 53, 'Dharampasha', 'ধরমপাশা', 'dharampasha', '2450', 1),
(473, 53, 'Dowarabazar', 'দোয়ারাবাজার', 'dowarabazar', '3070', 1),
(474, 53, 'Jagannathpur', 'জগন্নাথপুর', 'jagannathpur', '3062', 1),
(475, 53, 'Jamalganj', 'জামালগঞ্জ', 'jamalganj', '3020', 1),
(476, 53, 'Sulla', 'সুল্লা', 'sulla', '3050', 1),
(477, 53, 'Sunamganj Sadar', 'সুনামগঞ্জ সদর', 'sunamganj-sadar', '3000', 1),
(478, 53, 'Shanthiganj', 'শান্তিগঞ্জ', 'shanthiganj', '3000', 1),
(479, 53, 'Tahirpur', 'তাহিরপুর', 'tahirpur', '3030', 1),
(480, 54, 'Sylhet Sadar', 'সিলেট সদর', 'sylhet-sadar', '3100', 1),
(481, 54, 'Beanibazar', 'বেয়ানিবাজার', 'beanibazar', '3170', 1),
(482, 54, 'Bishwanath', 'বিশ্বনাথ', 'bishwanath', '3130', 1),
(483, 54, 'Dakshin Surma', 'দক্ষিণ সুরমা', 'dakshin-surma', '3100', 1),
(484, 54, 'Balaganj', 'বালাগঞ্জ', 'balaganj', '3120', 1),
(485, 54, 'Companiganj', 'কোম্পানিগঞ্জ', 'companiganj', '3140', 1),
(486, 54, 'Fenchuganj', 'ফেঞ্চুগঞ্জ', 'fenchuganj', '3116', 1),
(487, 54, 'Golapganj', 'গোলাপগঞ্জ', 'golapganj', '3164', 1),
(488, 54, 'Gowainghat', 'গোয়াইনঘাট', 'gowainghat', '3152', 1),
(489, 54, 'Jointapur', 'জৈন্তাপুর', 'jointapur', '3156', 1),
(490, 54, 'Kanaighat', 'কানাইঘাট', 'kanaighat', '3180', 1),
(491, 54, 'Zakiganj', 'জাকিগঞ্জ', 'zakiganj', '3191', 1),
(492, 54, 'Nobigonj', 'নবীগঞ্জ', 'nobigonj', '3302', 1),
(493, 45, 'Eidgaon', 'ঈদগাঁও', 'eidgaon', '4702', 1),
(494, 53, 'Madhyanagar', 'মধ্যনগর', 'madhyanagar', '2456', 1),
(495, 7, 'Dasar', 'দশর', 'dasar', '7911', 1);
